<Strings>
  <String Src="%lang%" Dst="en"/>
  <String Src="%description%" Dst="Chuyu Dism++ is a GUI version of the Microsoft Dism tool. It can be used to integrate updates and drivers, cleanup WinSxS and Package Cache, customize your OS Image, and speedup your Windows deployment process."/>
  <String Src="%keywords%" Dst="Dism++,Dism GUI,WinSxS Cleanup,Windows Update Cleanup Tool,System Cleanup,Windows Update Clean,vista,win7,win8,win8.1,win10,Chuyu,dism,Add Updates,Windows"/>
  <String Src="%title%" Dst="Dism++ | New Windows Utility"/>
  <String Src="%String1%" Dst="Dism++, probably the most powerful utility"/>
  <String Src="%String2%" Dst="The world's first DISM GUI implementation based on CBS!"/>
  <String Src="%WhatsnewVersion%" Dst="What's new ‒ version"/>
  <String Src="%64Bit%" Dst="Dism++ x64"/>
  <String Src="%32Bit%" Dst="Dism++ x86"/>
  <String Src="%Full%" Dst="Dism++ Full(x86/x64)"/>
  <String Src="%SupportSystem%" Dst="Compatible with Windows Vista/7/8/8.1/10"/>
  <String Src="%AboutDism++%" Dst="About Dism++"/>
  <String Src="%AboutDism++Des%" Dst="Dism++ can be considered as a GUI frontend of DISM, but it is based on low-level Component Based Servicing (CBS) interface instead of DISM API or DISM Core API."/>
  <String Src="%OpenSourceStr%" Dst="Open source is not only a spirit, but also a symbol of strength. &lt;span onclick=&quot;window.location.href='https://github.com/Chuyu-Team'&quot; style=&quot;color:blue;cursor:pointer&quot;>Check here&lt;/span> to view Chuyu Team's Github."/>
  <String Src="%SxSClean%" Dst="WinSxS Cleanup"/>
  <String Src="%SxSCleanDes%" Dst="No need to worry about disk free space anymore while installing updates!"/>
  <String Src="%CompactOS%" Dst="CompactOS"/>
  <String Src="%CompactOSDes%" Dst="At least 33% used space reduction without streamlining your OS Image."/>
  <String Src="%EsdSupport%" Dst="ESD Support"/>
  <String Src="%EsdSupportDes%" Dst="No need to worry about converting ESD to ISO anymore."/>
  <String Src="%WindowsUpdate%" Dst="Windows Update"/>
  <String Src="%WindowsUpdateDes%" Dst="Choose your updates -- no worries."/>
  <String Src="%SystemRecover%" Dst="Backup and Recovery"/>
  <String Src="%SystemRecoverDes%" Dst="Backup or restore your system WITHOUT using Windows PE"/>  
  <String Src="%Green%" Dst="Truly Portable"/>
  <String Src="%GreenDes%" Dst="FREE, NO ADS AND SPYWARE."/>
  <String Src="%AboutChuyu%" Dst="About Chuyu Team"/>
  <String Src="%AboutChuyuDes%" Dst="We are quite obsessed with looking a tool that is lightweight, easy-to-use, straightforward, without garbage and annoyance. Alas, we could not find one, but we did not give up, as we realized such a dream with our own hands by making Dism++: a small tool that is non-profit and built with pure persistence and enthusiasm."/>
  <String Src="%QQ%" Dst="QQ Group"/>
  <String Src="%E-Mail%" Dst="Feeback E-mail"/>
  <String Src="%Links%" Dst="Links"/>
  <String Src="%WinOS%" Dst="WINOS Lite System"/>
  <String Src="%GTWang%" Dst=""/>
  <String Src="%NM%" Dst=""/>
  <String Src="%qcyb%" Dst=""/>
  <String Src="%LanDian%" Dst="LandianNews"/>
  <String Src="%ChuyuTream%" Dst="&amp;nbsp;2019&amp;nbsp;Chuyu Team"/>
  <String Src="%ICP%" Dst=""/>
  <String Src="%Document%" Dst="Dism++ Documentation"/>
  <String Src="%logs%" Dst="Changelog"/>
  <String Src="%wsuscan2%" Dst="&quot;wsusscn2.cab&quot; is the offline Windows Update database Dism++ uses. You can simply overwrite the &quot;Config\wsusscn2.cab&quot; file."/>
  <String Src="%DownloadDism%" Dst="Download Dism++ x86/x64/ARM64"/>
</Strings>
