<Strings>
  <String Src="%lang%" Dst="es"/>
  <String Src="%description%" Dst="Integrar actualizaciones y controladores, limpieza de WinSxS y caché de paquetes, personalizar la imagen del SO, acelerar el proceso de implementación de Windows."/>
  <String Src="%keywords%" Dst="Dism++, Dism GUI, limpieza de WinSxS, herramienta de limpieza de Windows Update, limpieza del sistema, limpieza de Windows Update, Vista, Win7, Win8, Win8.1, Win10, Chuyu, Dism, añadir actualizaciones, Windows"/>
  <String Src="%title%" Dst="Dism++ | Herramienta nueva para Windows"/>
  <String Src="%String1%" Dst="Dism++, es probablemente la mejor herramienta"/>
  <String Src="%String2%" Dst="¡La primera aplicación con interfaz gráfica para Dism basada en CBS del mundo!"/>
  <String Src="%WhatsnewVersion%" Dst="Novedades - versión"/>
  <String Src="%64Bit%" Dst="Dism++ x64"/>
  <String Src="%32Bit%" Dst="Dism++ x86"/>
  <String Src="%Full%" Dst="Dism++ Full(x86/x64)"/>
  <String Src="%SupportSystem%" Dst="Compatible con Windows Vista/7/8/8.1/10"/>
  <String Src="%AboutDism++%" Dst="Acerca de Dism++"/>
  <String Src="%AboutDism++Des%" Dst="Dism++ puede considerarse como una versión de Dism con interfaz gráfica, pero está basada en servicios de componentes (CBS) de bajo nivel en lugar de DISM API o DISM Core API."/>
  <String Src="%OpenSourceStr%" Dst="¡El código abierto no es sólo una virtud, sino también un símbolo de fortaleza!. &lt;span onclick=&quot;window.location.href='https://github.com/Chuyu-Team'&quot; style=&quot;color:blue;cursor:pointer&quot;>Clic aquí&lt;/span> para ver el equipo de Chuyu en GitHub."/>
  <String Src="%SxSClean%" Dst="Limpieza de WinSxS"/>
  <String Src="%SxSCleanDes%" Dst="No debes preocuparte del espacio libre del disco durante la instalación de las actualizaciones."/>
  <String Src="%CompactOS%" Dst="CompactOS"/>
  <String Src="%CompactOSDes%" Dst="Hay una reducción del 33% del espacio utilizado, sin racionalizar la imagen del SO."/>
  <String Src="%EsdSupport%" Dst="Soporte ESD"/>
  <String Src="%EsdSupportDes%" Dst="La conversión de ESD a ISO nunca ha sido tan fácil como ahora."/>
  <String Src="%WindowsUpdate%" Dst="Windows Update"/>
  <String Src="%WindowsUpdateDes%" Dst="Elige tus actualizaciones - y no te preocupes."/>
  <String Src="%SystemRecover%" Dst="Copia de seguridad y recuperación"/>
  <String Src="%SystemRecoverDes%" Dst="Crea una copia de seguridad o restaura el sistema sin usar Windows PE."/>
  <String Src="%Green%" Dst="Portable"/>
  <String Src="%GreenDes%" Dst="GRATUITO, SIN ANUNCIOS y SPYWARE."/>
  <String Src="%AboutChuyu%" Dst="Acerca del equipo de Chuyu"/>
  <String Src="%AboutChuyuDes%" Dst="Somos perfeccionistas y bastante obsesivos al crear una herramienta que sea ligera, fácil de usar, directa y sin molestias. Todavía no lo hemos logrado, pero no nos damos por vencidos mientras realizamos un sueño con nuestras propias manos haciendo Dism++: una pequeña herramienta sin fines de lucro y construida con pura persistencia y entusiasmo."/>
  <String Src="%QQ%" Dst="Grupos oficiales"/>
  <String Src="%E-Mail%" Dst="Correo electrónico"/>
  <String Src="%Links%" Dst="Enlaces"/>
  <String Src="%GTWang%" Dst=""/>
  <String Src="%NM%" Dst=""/>
  <String Src="%qcyb%" Dst=""/>
  <String Src="%WinOS%" Dst="WINOS Lite System"/>
  <String Src="%LanDian%" Dst="LandianNews"/>
  <String Src="%ChuyuTream%" Dst="&amp;nbsp;2019&amp;nbsp;Equipo de Chuyu"/>
  <String Src="%ICP%" Dst=""/>
  <String Src="%Document%" Dst="Documentación de Dism++"/>
  <String Src="%logs%" Dst="Registro de cambios"/>
  <String Src="%wsuscan2%" Dst="&quot;wsusscn2.cab&quot; es la base de datos para Windows Update. Puedes usarlo al copiar o sobrescribir en &quot;Config\wsusscn2.cab&quot;."/>
  <String Src="%DownloadDism%" Dst="Descargar Dism++ x86/x64/ARM64"/>
</Strings>
