<Strings>
  <String Src="%lang%" Dst="ja"/>
  <String Src="%description%" Dst="Dism++ can be considered as an GUI version of DISM, WinSxS Clean, Installer Clean, Add Update and Drive..."/>
  <String Src="%keywords%" Dst="Dism++,Dism GUI,WinSxS Cleanup,Windows Update Cleanup Tool,System Cleanup,Windows Update Clean,vista,win7,win8,win8.1,win10,Chuyu,dism,Add Update"/>
  <String Src="%title%" Dst="Dism++ | New Windows Utility"/>
  <String Src="%String1%" Dst="Dism++ 、たぶん最強のユーティリティです"/>
  <String Src="%String2%" Dst="世界で最初の CBS に基づいて Dism GUI 実装。"/>
  <String Src="%WhatsnewVersion%" Dst="新機能 〜 バージョン"/>
  <String Src="%64Bit%" Dst="64 ビット版"/>
  <String Src="%32Bit%" Dst="32 ビット版"/>
  <String Src="%Full%" Dst="64/32 ビット版"/>
  <String Src="%SupportSystem%" Dst="Windows Vista/7/8/8.1/10 互換性があります"/>
  <String Src="%AboutDism++%" Dst="Dism++ について"/>
  <String Src="%AboutDism++Des%" Dst="Dism++ は、 GUI パーションの Dism と言えますが、Dism の依存関係がなく、代わりにローレベルの CBS（Component Based Servicing Reference）に基づきます。"/>
  <String Src="%OpenSourceStr%" Dst="オーペンソースは徳だけではなく、実力の象徴も表せます。初雨チームのオーペンソースプロジェクトをチェックしましょう！ &lt;span onclick=&quot;window.location.href='https://github.com/Chuyu-Team'&quot; style=&quot;color:blue;cursor:pointer&quot;>こちら&lt;/span>!"/>
  <String Src="%SxSClean%" Dst="更新クリーンアップ"/>
  <String Src="%SxSCleanDes%" Dst="更新をクリーンアップし、ディスク領域の心配はありません"/>
  <String Src="%CompactOS%" Dst="CompactOS"/>
  <String Src="%CompactOSDes%" Dst="スリム化しなくても 33% ディスク領域を解放できます"/>
  <String Src="%EsdSupport%" Dst="完全な ESD サポート"/>
  <String Src="%EsdSupportDes%" Dst="ESD → ISO 変換が心配する必要はありません"/>
  <String Src="%WindowsUpdate%" Dst="Windows Update"/>
  <String Src="%WindowsUpdateDes%" Dst="自分の更新は自分で決定——ご安心ください"/>
  <String Src="%SystemRecover%" Dst="システム復元"/>
  <String Src="%SystemRecoverDes%" Dst="システムのバックアップまたは復元の際 PE を利用必要はありません"/>
  <String Src="%Green%" Dst="ポータブル"/>
  <String Src="%GreenDes%" Dst="無料、安全、広告なし"/>
  <String Src="%AboutChuyu%" Dst="初雨チームについて"/>
  <String Src="%AboutChuyuDes%" Dst="我々は完全主義者であり、ただ軽い、使いやすい、素直、めんどくさくないツールがほしかったです。見つかっていないのは残念ですが、自分で夢を叶い、Dism++ーーーフリー、ユニーク、わざとらしくない、自分の執念と激情で生まれたユーティリティであります。「安得廣廈千萬間，大庇天下寒士俱歡顏！」"/>
  <String Src="%QQ%" Dst="QQ グループ"/>
  <String Src="%E-Mail%" Dst="フィードバック"/>
  <String Src="%Links%" Dst="外部リンク"/>
  <String Src="%GTWang%" Dst=""/>
  <String Src="%NM%" Dst=""/>
  <String Src="%qcyb%" Dst=""/>
  <String Src="%WinOS%" Dst="WINOS Lite System"/>
  <String q="" Src="%LanDian%" Dst="LandianNews"/>
  <String Src="%ChuyuTream%" Dst="&amp;nbsp;2019&amp;nbsp;初雨チーム"/>
  <String Src="%ICP%" Dst=""/>
  <String Src="%Document%" Dst="ドキュメント"/>
  <String Src="%logs%" Dst="Change log"/>
  <String Src="%wsuscan2%" Dst="&quot;wsusscn2.cab&quot; はオフライン更新のデータベースです。このファイルを利用する際、&quot;Config\wsusscn2.cab&quot;を上書きしてください。"/>
  <String Src="%DownloadDism%" Dst="Download Dism++ x86/x64/ARM64"/>
</Strings>
