<Strings>
  <String Src="%lang%" Dst="ru"/>
  <String Src="%description%" Dst="Chuyu Dism++ - это графическая версия инструмента DISM от Microsoft. С её помощью можно интегрировать обновления и драйверы, очищать  папки WinSxS и Package Cache, настраивать образы ОС и ускорять процесс развертывания Windows."/>
  <String Src="%keywords%" Dst="Dism++,Dism GUI,Очистка WinSxS,Средство очистки обновлений Windows,Очистка системы,Очистка обновлений Windows,vista,win7,win8,win8.1,win10,Chuyu,dism,Интеграция обновлений,Windows"/>
  <String Src="%title%" Dst="Dism++ | Новая утилита для Windows"/>
  <String Src="%String1%" Dst="Dism++ наверное, самая мощная утилита"/>
  <String Src="%String2%" Dst="Первая в мире реализация графического интерфейса DISM на базе CBS!"/>
  <String Src="%WhatsnewVersion%" Dst="Последняя версия:"/>
  <String Src="%64Bit%" Dst="Dism++ x64"/>
  <String Src="%32Bit%" Dst="Dism++ x86"/>
  <String Src="%Full%" Dst="Dism++ Full (x86/x64)"/>
  <String Src="%SupportSystem%" Dst="Совместимо с Windows Vista/7/8/8.1/10"/>
  <String Src="%AboutDism++%" Dst="О Dism++"/>
  <String Src="%AboutDism++Des%" Dst="Dism++ можно рассматривать как графический интерфейс для DISM. но он основан на низкоуровневом интерфейсе Component Based Servicing (CBS) вместо DISM API или DISM Core API"/>
  <String Src="%OpenSourceStr%" Dst="Открытый исходный код — не только идеология, но и великая сила. Заходите к нам на &lt;span onclick=&quot;window.location.href='https://github.com/Chuyu-Team'&quot; style=&quot;color:blue;cursor:pointer&quot;>Github&lt;/span>."/>
  <String Src="%SxSClean%" Dst="Очистка WinSxS"/>
  <String Src="%SxSCleanDes%" Dst="Больше не нужно беспокоиться о свободном месте на диске при установке обновлений!"/>
  <String Src="%CompactOS%" Dst="CompactOS"/>
  <String Src="%CompactOSDes%" Dst="Сокращение не менее 33% используемого пространства без оптимизации образа ОС."/>
  <String Src="%EsdSupport%" Dst="Поддержка ESD"/>
  <String Src="%EsdSupportDes%" Dst="Больше не нужно беспокоиться о преобразовании ESD в ISO."/>
  <String Src="%WindowsUpdate%" Dst="Обновления Windows"/>
  <String Src="%WindowsUpdateDes%" Dst="Выбирайте обновления, не беспокоясь за их установку."/>
  <String Src="%SystemRecover%" Dst="Резервные копии и восстановление"/>
  <String Src="%SystemRecoverDes%" Dst="Резервное копирование или восстановление Вашей системы без использования Windows PE"/>  
  <String Src="%Green%" Dst="Действительно портативный"/>
  <String Src="%GreenDes%" Dst="БЕСПЛАТНО, БЕЗ РЕКЛАМЫ И ШПИОНСКИХ ПРОГРАММ."/>
  <String Src="%AboutChuyu%" Dst="О команде Chuyu"/>
  <String Src="%AboutChuyuDes%" Dst="Мы очень одержимы поиском инструмента, который является легким, простым в использовании, несложным и без мусора. Увы, мы не смогли его найти, но не сдались, так как осуществили такую мечту своими руками, сделав Dism++ - небольшой инструмент, который является некоммерческим и построен на чистом упорстве и энтузиазме."/>
  <String Src="%QQ%" Dst="Группа в QQ"/>
  <String Src="%E-Mail%" Dst="E-mail"/>
  <String Src="%Links%" Dst="Ссылки"/>
  <String Src="%WinOS%" Dst="Легкая система WINOS"/>
  <String Src="%GTWang%" Dst=""/>
  <String Src="%NM%" Dst=""/>
  <String Src="%qcyb%" Dst=""/>
  <String Src="%LanDian%" Dst="LandianNews"/>
  <String Src="%ChuyuTream%" Dst="&amp;nbsp;2019&amp;nbsp;Chuyu Team"/>
  <String Src="%ICP%" Dst=""/>
  <String Src="%Document%" Dst="Документация по Dism++"/>
  <String Src="%logs%" Dst="Список изменений"/>
  <String Src="%wsuscan2%" Dst="&quot;wsusscn2.cab&quot; — оффлайн база обновлений Windows, используемая Dism++. Вы можете просто перезаписать файл &quot;Config\wsusscn2.cab&quot; для обновления базы."/>
  <String Src="%DownloadDism%" Dst="Скачать Dism++ x86/x64/ARM64"/>
</Strings>
