﻿<Strings>
  <String Src="%lang%" Dst="zh-Hans"/>
  <String Src="%description%" Dst="初雨Dism++是一个微软Dism的一个GUI版，能够固化补丁、Installer清理、离线集成更新、驱动等"/>
  <String Src="%keywords%" Dst="Dism++,Dism GUI,WinSxS清理,Windows更新清理工具,系统垃圾清理,讨论,疑问,更新清理,winsxs清理,vista,win7,win8,win8.1,win10,初雨论坛,初雨,dism,补丁集成"/>
  <String Src="%title%" Dst="Dism++ | 全新的 Windows 实用工具"/>
  <String Src="%String1%" Dst="Dism++，也许是最强的实用工具"/>
  <String Src="%String2%" Dst="全球第一款基于 CBS 的 Dism GUI 实现。"/>
  <String Src="%WhatsnewVersion%" Dst="What's new ‒ version"/>
  <String Src="%64Bit%" Dst="64位版"/>
  <String Src="%32Bit%" Dst="32位版"/>
  <String Src="%Full%" Dst="64/32完整版"/>
  <String Src="%SupportSystem%" Dst="兼容 Windows Vista/7/8/8.1/10"/>
  <String Src="%AboutDism++%" Dst="关于 Dism++"/>
  <String Src="%AboutDism++Des%" Dst="Dism++可以说是一个Dism的GUI版，但是并不依赖Dism，直接基于更底层的CBS（Component Based Servicing Reference）。"/>
  <String Src="%OpenSourceStr%" Dst="开源是一种美德，也是一种实力的象征，查看初雨团队的开源项目&lt;span onclick=&quot;window.location.href='https://github.com/Chuyu-Team'&quot; style=&quot;color:blue;cursor:pointer&quot;>点我&lt;/span>。"/>
  <String Src="%SxSClean%" Dst="更新清理"/>
  <String Src="%SxSCleanDes%" Dst="更新清理，安装更新不再纠结容量！"/>
  <String Src="%CompactOS%" Dst="CompactOS"/>
  <String Src="%CompactOSDes%" Dst="不精简系统也能节省33%空间。"/>
  <String Src="%EsdSupport%" Dst="完整ESD支持"/>
  <String Src="%EsdSupportDes%" Dst="再也不用担心ESD转ISO了。"/>
  <String Src="%WindowsUpdate%" Dst="Windows Update"/>
  <String Src="%WindowsUpdateDes%" Dst="我的更新我做主~~安心更新。"/>
  <String Src="%SystemRecover%" Dst="系统恢复"/>
  <String Src="%SystemRecoverDes%" Dst="系统热备份、热还原无需PE！"/>
  <String Src="%Green%" Dst="真正绿色"/>
  <String Src="%GreenDes%" Dst="即下即用，无广告、后门，安心用。"/>
  <String Src="%AboutChuyu%" Dst="关于初雨团队"/>
  <String Src="%AboutChuyuDes%" Dst="其实我们都是一些强迫症晚期患者，只想要找个轻巧、好使、透明、不流氓、不装可怜、不唠唠叨叨的实用工具。不过找了半天没找到，但是我们没有放弃治疗，用自己的双手初步实现了梦想，联手打造Dism++——一个不为利益、不跟风、不做作、单纯为执着与激情而生的小工具。安得广厦千万间，大庇天下寒士俱欢颜！"/>
  <String Src="%QQ%" Dst="QQ群（临安初雨 一夜落红）"/>
  <String Src="%E-Mail%" Dst="反馈邮箱"/>
  <String Src="%Links%" Dst="友情链接"/>
  <String Src="%WinOS%" Dst="WINOS精简系统"/>
  <String Src="%LanDian%" Dst="蓝点网"/>
  <String Src="%GTWang%" Dst="&lt;li&gt;&lt;a href=&quot;http://mkvq.blogspot.com/&quot; target=&quot;_blank&quot;&gt;GT Wang 汉化&lt;/a&gt;&lt;/li&gt;"/>
  <String Src="%NM%" Dst="&lt;li&gt;&lt;a href=&quot;https://mourinaruto.github.io/&quot; target=&quot;_blank&quot;&gt;毛利的技术小站&lt;/a&gt;&lt;/li&gt;"/>
  <String Src="%qcyb%" Dst="&lt;li&gt;&lt;a href=&quot;https://yszhblog.github.io/&quot; target=&quot;_blank&quot;&gt;悠溯志的技术小站&lt;/a&gt;&lt;/li&gt;"/>
  <String Src="%ChuyuTream%" Dst="&amp;nbsp;2019&amp;nbsp;初雨团队"/>
  <String Src="%ICP%" Dst="&lt;p style=&quot;float: right; margin: 0 2rem;&quot;>浙ICP备17002125&lt;/p>"/>
  <String Src="%Document%" Dst="帮助文档"/>
  <String Src="%logs%" Dst="更新日志"/>
  <String Src="%wsuscan2%" Dst="“wsusscn2.cab”是更新补丁离线库，覆盖 “Config\wsusscn2.cab” 即可。"/>
  <String Src="%DownloadDism%" Dst="下载 Dism++ x86/x64/ARM64"/>
</Strings>
